Year and dataset code row,Month,Current price indices: Solid fuels,Current price indices: Gas ,Current price indices: Electricity ,Current price indices: Liquid fuels,"Current price indices: Domestic fuels
[Note 1]","Current price indices: Motor fuel & oil
[Note 2]","Current price indices: All Items CPI 2010=100
",Real price indices: Solid fuels [Note 3],Real price indices: Gas [Note 3],Real price indices: Electricity [Note 3],Real price indices: Liquid fuels [Note 3],"Real price indices: Domestic fuels
[Note 1, 3]","Real price indices: Motor fuel & oil
[Note 2, 3]","Real price indices: All Items CPI 2010=100
[Note 3]",GDP Deflator     2010=100 [Note 3]
Dataset identifier code,,D7DW,D7DU,D7DT,D7DV,D7CH,D7EC,D7BT,,,,,,,,
1990,January,37.0,36.4,49.0,35.1,42.2,32.0,60.0,63.7,62.7,84.4,60.4,72.7,55.0,103.2,58.09
1990,February,37.0,36.4,49.0,31.1,42.0,31.9,60.4,63.7,62.7,84.4,53.5,72.3,54.9,104.0,58.09
1990,March,37.1,36.8,49.0,28.9,42.1,31.9,60.6,63.9,63.4,84.4,49.7,72.5,54.9,104.4,58.09
1990,April,37.1,37.7,49.6,29.3,42.7,34.2,61.7,62.5,63.6,83.5,49.3,72.0,57.5,104.0,59.37
1990,May,35.2,38.7,51.3,28.9,43.6,34.1,62.3,59.3,65.1,86.5,48.6,73.5,57.4,104.9,59.37
1990,June,35.1,39.1,52.6,27.7,44.3,33.9,62.5,59.1,65.8,88.6,46.7,74.6,57.1,105.3,59.37
1990,July,35.0,39.1,53.5,26.8,44.5,33.6,62.4,57.2,63.9,87.6,43.9,72.9,55.0,102.1,61.12
1990,August,36.4,39.1,53.5,36.4,45.3,36.2,63.1,59.6,63.9,87.6,59.5,74.1,59.2,103.2,61.12
1990,September,37.3,39.1,53.5,40.1,45.7,39.1,63.8,61.1,63.9,87.6,65.6,74.8,64.0,104.3,61.12
1990,October,37.7,39.1,53.5,53.4,46.6,40.0,64.2,61.2,63.4,86.9,86.7,75.7,64.9,104.3,61.58
1990,November,38.9,39.3,53.5,44.2,46.2,37.8,64.3,63.2,63.8,86.9,71.7,75.0,61.4,104.4,61.58
1990,December,39.2,39.6,53.5,39.7,46.1,35.7,64.3,63.6,64.3,86.9,64.5,74.8,57.9,104.4,61.58
1991,January,39.5,40.1,53.5,42.0,46.5,35.2,64.2,62.7,63.7,85.0,66.7,73.8,55.9,101.9,62.98
1991,February,39.5,40.4,53.5,40.9,46.5,34.1,64.5,62.7,64.1,85.0,64.9,73.8,54.1,102.5,62.98
1991,March,39.6,40.4,53.5,32.6,46.0,34.4,64.8,62.9,64.1,85.0,51.8,73.0,54.5,102.8,62.98
1991,April,39.7,40.5,54.4,30.7,46.3,38.1,67.0,62.2,63.4,85.1,48.0,72.5,59.6,104.8,63.91
1991,May,37.8,40.9,56.2,31.4,47.2,39.0,67.4,59.1,64.0,87.9,49.1,73.9,61.1,105.5,63.91
1991,June,37.2,41.3,58.0,30.9,48.0,38.7,67.8,58.3,64.6,90.8,48.4,75.1,60.6,106.1,63.91
1991,July,37.1,41.6,59.2,30.7,48.7,39.2,67.7,57.3,64.2,91.4,47.4,75.2,60.6,104.6,64.73
1991,August,39.0,41.6,59.2,31.0,48.8,39.0,68.1,60.3,64.2,91.4,47.9,75.4,60.3,105.2,64.73
1991,September,39.8,41.6,59.2,32.3,48.9,38.4,68.3,61.6,64.2,91.4,49.9,75.6,59.3,105.6,64.73
1991,October,40.1,41.6,59.2,31.9,48.9,38.7,68.6,61.1,63.4,90.3,48.7,74.6,59.1,104.6,65.54
1991,November,41.1,41.6,59.2,32.6,49.0,38.5,68.8,62.7,63.4,90.3,49.8,74.8,58.8,105.0,65.54
1991,December,41.2,41.6,59.2,30.4,48.9,38.1,68.9,62.9,63.4,90.3,46.4,74.6,58.1,105.1,65.54
1992,January,41.3,41.6,59.2,28.4,48.8,36.5,68.7,62.4,62.7,89.3,42.8,73.6,55.2,103.7,66.24
1992,February,41.3,41.6,59.2,29.0,48.9,36.9,69.0,62.4,62.7,89.3,43.8,73.8,55.7,104.2,66.24
1992,March,41.3,41.6,59.2,28.0,48.8,37.5,69.4,62.4,62.7,89.3,42.3,73.6,56.6,104.7,66.24
1992,April,41.3,41.6,59.3,27.9,48.9,38.8,70.1,62.0,62.4,89.0,41.9,73.4,58.3,105.3,66.59
1992,May,41.0,41.6,59.7,28.2,49.0,39.3,70.4,61.5,62.4,89.6,42.4,73.6,59.0,105.7,66.59
1992,June,39.4,41.6,60.2,28.0,49.0,39.2,70.4,59.1,62.4,90.4,42.0,73.6,58.9,105.7,66.59
1992,July,39.4,41.3,60.4,28.0,49.2,39.1,70.0,59.4,62.2,91.1,42.3,74.1,59.0,105.5,66.36
1992,August,39.3,40.9,60.4,27.2,48.9,38.6,70.1,59.2,61.6,91.1,41.0,73.7,58.2,105.7,66.36
1992,September,40.9,40.5,60.4,26.5,48.8,38.3,70.4,61.6,61.0,91.1,39.9,73.5,57.7,106.0,66.36
1992,October,41.4,40.1,60.4,30.3,48.8,39.4,70.6,61.8,59.8,90.1,45.1,72.7,58.8,105.3,67.05
1992,November,41.7,39.8,60.4,32.1,48.9,40.2,70.6,62.1,59.4,90.1,47.8,72.9,59.9,105.3,67.05
1992,December,41.7,39.6,60.4,31.1,48.7,40.6,70.7,62.1,59.0,90.1,46.3,72.6,60.5,105.4,67.05
1993,January,41.7,39.4,60.4,31.2,48.7,39.4,70.2,61.0,57.7,88.4,45.7,71.2,57.7,102.8,68.34
1993,February,41.7,39.4,60.4,31.3,48.7,40.2,70.7,61.0,57.7,88.4,45.8,71.2,58.8,103.5,68.34
1993,March,41.7,39.4,60.4,32.5,48.7,40.6,71.1,61.0,57.7,88.4,47.5,71.2,59.3,104.1,68.34
1993,April,41.5,39.4,60.3,31.3,48.5,42.4,71.9,61.0,57.9,88.6,46.0,71.3,62.2,105.6,68.10
1993,May,39.8,39.4,59.8,30.9,48.3,42.4,72.1,58.5,57.9,87.8,45.4,70.9,62.2,105.9,68.10
1993,June,39.6,39.4,59.5,30.2,48.0,42.8,72.1,58.2,57.9,87.4,44.3,70.5,62.9,105.9,68.10
1993,July,39.6,39.4,59.3,29.8,48.0,42.4,71.8,57.6,57.3,86.2,43.4,69.8,61.6,104.4,68.80
1993,August,39.5,39.4,59.3,29.1,47.9,42.1,72.1,57.4,57.3,86.2,42.3,69.6,61.2,104.9,68.80
1993,September,41.4,39.4,59.4,29.3,48.0,42.3,72.5,60.2,57.3,86.4,42.5,69.8,61.4,105.4,68.80
1993,October,41.9,39.4,59.4,30.7,48.1,41.8,72.4,60.5,56.9,85.8,44.4,69.5,60.3,104.5,69.27
1993,November,41.5,39.4,59.3,30.6,48.1,41.7,72.3,60.0,56.9,85.6,44.1,69.5,60.2,104.3,69.27
1993,December,42.0,39.4,59.2,30.2,48.0,43.3,72.4,60.6,56.9,85.4,43.6,69.3,62.5,104.5,69.27
1994,January,42.1,39.4,59.0,29.4,47.9,43.1,72.1,60.4,56.6,84.6,42.2,68.7,61.9,103.5,69.73
1994,February,42.0,39.4,58.6,28.8,47.8,43.0,72.5,60.2,56.6,84.1,41.3,68.5,61.7,103.9,69.73
1994,March,41.9,39.4,58.4,28.6,47.6,42.8,72.7,60.1,56.6,83.7,41.0,68.3,61.4,104.3,69.73
1994,April,45.1,42.6,62.9,31.2,51.3,43.2,73.3,64.8,61.3,90.5,44.9,73.9,62.2,105.4,69.50
1994,May,43.5,42.6,62.6,31.2,51.1,43.4,73.6,62.6,61.3,90.1,44.9,73.5,62.5,105.9,69.50
1994,June,43.2,42.6,62.5,30.7,51.1,43.8,73.6,62.2,61.3,89.9,44.1,73.5,63.0,105.9,69.50
1994,July,43.2,42.6,62.9,30.5,51.2,43.6,73.2,62.1,61.2,90.3,43.8,73.6,62.6,105.1,69.62
1994,August,43.2,42.6,63.1,30.5,51.3,44.8,73.5,62.1,61.2,90.7,43.8,73.8,64.3,105.6,69.62
1994,September,44.3,42.6,63.0,30.3,51.2,44.5,73.6,63.6,61.2,90.5,43.5,73.6,63.9,105.7,69.62
1994,October,44.9,42.6,62.7,30.3,51.2,43.8,73.5,63.6,60.3,88.8,42.9,72.5,62.0,104.0,70.66
1994,November,44.9,42.6,62.6,30.2,51.1,43.2,73.5,63.6,60.3,88.6,42.7,72.3,61.2,104.0,70.66
1994,December,45.1,42.6,62.6,29.8,51.1,44.8,73.8,63.8,60.3,88.6,42.1,72.3,63.5,104.5,70.66
1995,January,45.1,42.7,62.7,29.8,51.2,45.6,73.8,63.6,60.3,88.5,42.0,72.2,64.3,104.1,70.90
1995,February,45.1,42.9,62.6,29.7,51.3,45.2,74.2,63.6,60.5,88.3,41.9,72.4,63.8,104.6,70.90
1995,March,44.8,43.1,62.6,29.4,51.3,45.5,74.6,63.2,60.8,88.3,41.5,72.4,64.2,105.2,70.90
1995,April,44.8,43.3,62.6,29.8,51.5,46.2,74.9,62.6,60.4,87.5,41.7,71.9,64.5,104.7,71.59
1995,May,43.4,43.3,62.5,29.7,51.3,46.4,75.4,60.6,60.4,87.3,41.5,71.7,64.8,105.3,71.59
1995,June,43.2,43.3,62.5,29.5,51.3,46.6,75.4,60.4,60.4,87.3,41.2,71.7,65.0,105.3,71.59
1995,July,43.1,43.3,62.6,29.4,51.3,46.6,75.1,59.8,60.0,86.7,40.7,71.1,64.5,104.0,72.18
1995,August,42.9,43.3,62.6,29.4,51.3,46.3,75.4,59.4,60.0,86.7,40.7,71.1,64.1,104.5,72.18
1995,September,44.4,43.3,62.6,30.4,51.5,45.7,75.7,61.5,60.0,86.7,42.1,71.3,63.3,104.9,72.18
1995,October,44.5,43.3,62.5,29.7,51.5,45.1,75.6,61.1,59.4,85.7,40.7,70.6,61.9,103.8,72.88
1995,November,44.6,43.3,62.5,30.2,51.5,44.5,75.6,61.2,59.4,85.7,41.4,70.6,61.0,103.8,72.88
1995,December,44.7,43.3,62.5,31.6,51.6,47.7,76.1,61.4,59.4,85.7,43.4,70.8,65.5,104.4,72.88
1996,January,45.4,43.3,62.5,33.2,51.6,48.0,75.8,61.4,58.5,84.5,44.9,69.8,64.9,102.6,73.92
1996,February,45.4,43.3,62.5,32.9,51.6,46.7,76.2,61.4,58.5,84.5,44.5,69.8,63.1,103.0,73.92
1996,March,45.4,43.3,62.5,33.9,51.6,46.4,76.5,61.4,58.5,84.5,45.8,69.8,62.7,103.5,73.92
1996,April,45.4,43.3,62.5,34.9,51.7,47.0,76.8,60.3,57.5,83.0,46.4,68.7,62.5,102.0,75.32
1996,May,44.0,43.3,62.6,32.8,51.6,47.0,77.1,58.5,57.5,83.1,43.5,68.5,62.5,102.3,75.32
1996,June,43.8,43.3,62.9,32.1,51.7,46.8,77.2,58.2,57.5,83.5,42.7,68.7,62.1,102.5,75.32
1996,July,43.9,43.3,63.0,32.6,51.7,46.6,76.7,57.9,57.0,83.0,43.0,68.2,61.3,101.1,75.90
1996,August,43.9,43.3,62.7,32.9,51.6,47.5,77.1,57.9,57.0,82.7,43.3,68.0,62.6,101.5,75.90
1996,September,44.8,43.3,62.4,37.4,51.7,49.2,77.5,59.1,57.0,82.2,49.3,68.2,64.9,102.1,75.90
1996,October,45.7,43.3,61.7,40.7,51.6,50.0,77.5,59.9,56.7,80.8,53.3,67.6,65.5,101.5,76.37
1996,November,46.1,43.3,61.3,36.5,51.3,50.5,77.5,60.3,56.7,80.3,47.9,67.2,66.1,101.5,76.37
1996,December,46.1,43.3,61.1,38.3,51.3,52.2,77.7,60.3,56.7,80.0,50.2,67.2,68.3,101.8,76.37
1997,January,46.2,43.3,60.4,38.5,51.0,51.8,77.4,61.5,57.6,80.5,51.3,67.9,69.0,103.1,75.09
1997,February,46.2,43.3,60.7,36.1,51.1,51.6,77.6,61.5,57.6,80.8,48.0,68.0,68.7,103.4,75.09
1997,March,46.1,43.3,60.9,33.0,51.1,51.1,77.7,61.4,57.6,81.2,43.9,68.0,68.1,103.5,75.09
1997,April,46.0,43.1,60.8,31.3,51.0,50.9,78.1,61.2,57.5,81.0,41.7,67.9,67.7,104.0,75.09
1997,May,44.7,43.1,60.4,31.4,50.7,51.0,78.3,59.6,57.5,80.5,41.8,67.5,68.0,104.3,75.09
1997,June,44.5,43.1,60.1,30.6,50.4,51.4,78.5,59.3,57.5,80.0,40.7,67.2,68.5,104.6,75.09
1997,July,44.6,43.1,59.7,29.3,50.3,53.5,78.2,58.2,56.3,77.9,38.2,65.7,69.9,102.1,76.60
1997,August,44.4,43.1,59.5,30.5,50.3,54.7,78.6,57.9,56.3,77.7,39.8,65.7,71.4,102.7,76.60
1997,September,44.3,42.1,57.7,29.8,48.9,55.2,79.0,57.8,54.9,75.4,39.0,63.8,72.1,103.1,76.60
1997,October,45.9,42.1,57.6,31.3,48.9,54.9,79.0,61.0,56.0,76.6,41.6,65.0,73.0,105.0,75.20
1997,November,45.9,42.1,57.1,31.2,48.8,54.7,79.0,61.0,56.0,75.9,41.5,64.9,72.7,105.0,75.20
1997,December,45.9,42.1,56.7,30.3,48.5,54.4,79.1,61.0,56.0,75.4,40.2,64.5,72.3,105.2,75.20
1998,January,45.9,41.6,56.6,28.1,48.1,54.1,78.6,60.4,54.8,74.6,37.1,63.4,71.3,103.6,75.90
1998,February,45.9,41.6,57.1,26.6,48.3,53.6,78.9,60.4,54.8,75.2,35.0,63.6,70.7,103.9,75.90
1998,March,45.9,41.4,57.6,25.0,48.4,53.3,79.1,60.4,54.6,75.9,33.0,63.8,70.3,104.2,75.90
1998,April,45.9,41.4,57.6,25.2,48.4,56.4,79.5,60.1,54.3,75.6,33.0,63.5,74.0,104.3,76.25
1998,May,44.8,41.4,57.0,25.3,48.1,56.6,79.9,58.8,54.3,74.7,33.2,63.1,74.2,104.7,76.25
1998,June,44.9,41.3,56.5,24.5,47.9,56.4,79.8,58.9,54.2,74.1,32.2,62.8,74.0,104.6,76.25
1998,July,45.1,41.4,56.1,23.7,47.8,56.7,79.4,58.6,53.8,72.9,30.8,62.1,73.7,103.2,76.95
1998,August,45.1,41.4,56.1,23.2,47.6,56.7,79.6,58.6,53.8,72.9,30.2,61.9,73.7,103.5,76.95
1998,September,45.4,41.4,56.1,24.0,47.8,56.4,80.0,59.0,53.8,72.9,31.2,62.1,73.3,103.9,76.95
1998,October,46.9,41.4,56.1,24.9,47.9,56.2,80.0,60.6,53.5,72.4,32.1,61.9,72.6,103.3,77.42
1998,November,47.0,41.4,56.1,24.0,47.9,55.7,80.1,60.7,53.5,72.4,30.9,61.9,72.0,103.5,77.42
1998,December,47.0,41.4,56.1,22.3,47.8,55.0,80.3,60.7,53.5,72.4,28.8,61.7,71.0,103.7,77.42
1999,January,47.0,41.6,56.1,22.5,47.9,54.5,79.9,60.6,53.6,72.3,29.0,61.8,70.3,103.0,77.53
1999,February,47.0,41.6,56.1,22.2,47.9,54.2,80.0,60.6,53.6,72.3,28.7,61.8,69.9,103.2,77.53
1999,March,47.0,41.7,56.1,23.3,48.0,57.3,80.4,60.6,53.8,72.3,30.1,61.9,74.0,103.7,77.53
1999,April,47.1,41.3,56.1,25.8,47.9,60.4,80.8,60.6,53.1,72.1,33.1,61.6,77.7,103.9,77.76
1999,May,46.0,41.3,56.0,25.5,47.8,60.3,81.0,59.1,53.1,72.0,32.8,61.4,77.5,104.1,77.76
1999,June,45.9,41.3,56.0,25.5,47.8,60.1,80.9,59.0,53.1,72.0,32.8,61.4,77.3,104.0,77.76
1999,July,45.9,41.3,55.8,28.8,47.9,61.0,80.4,59.1,53.3,72.0,37.1,61.8,78.6,103.7,77.53
1999,August,45.9,41.3,55.8,29.4,47.9,62.6,80.6,59.1,53.3,72.0,37.9,61.8,80.7,104.0,77.53
1999,September,46.3,41.3,55.8,31.4,48.0,62.6,81.0,59.7,53.3,72.0,40.5,61.9,80.7,104.5,77.53
1999,October,47.4,41.3,55.8,31.4,48.1,63.1,80.9,60.7,52.9,71.5,40.2,61.6,80.7,103.5,78.11
1999,November,47.6,41.3,55.8,33.2,48.1,62.8,81.0,60.9,52.9,71.5,42.5,61.6,80.4,103.7,78.11
1999,December,47.7,41.3,55.8,38.1,48.4,64.4,81.2,61.0,52.9,71.5,48.8,62.0,82.5,104.0,78.11
2000,January,47.8,41.3,55.8,37.3,48.4,64.3,80.4,60.8,52.5,71.0,47.4,61.6,81.8,102.3,78.58
2000,February,47.7,41.3,55.8,37.5,48.4,64.2,80.8,60.7,52.5,71.0,47.8,61.6,81.7,102.8,78.58
2000,March,47.8,41.3,55.7,38.8,48.5,66.6,80.9,60.8,52.5,70.9,49.3,61.8,84.8,102.9,78.58
2000,April,47.7,40.2,55.6,37.7,47.9,68.0,81.2,60.7,51.2,70.7,48.0,60.9,86.6,103.3,78.58
2000,May,46.5,40.2,55.1,36.8,47.5,67.7,81.4,59.2,51.2,70.1,46.8,60.4,86.1,103.6,78.58
2000,June,46.2,40.2,54.5,37.9,47.2,71.0,81.5,58.8,51.2,69.4,48.2,60.1,90.3,103.8,78.58
2000,July,46.1,40.2,54.2,40.9,47.4,71.6,81.1,58.4,51.0,68.6,51.8,60.0,90.7,102.7,78.93
2000,August,46.2,40.2,54.2,41.2,47.4,68.5,81.1,58.5,51.0,68.6,52.2,60.0,86.8,102.7,78.93
2000,September,47.1,40.2,54.2,52.2,48.3,69.8,81.8,59.7,51.0,68.6,66.1,61.2,88.5,103.6,78.93
2000,October,48.6,40.4,54.2,55.2,48.7,68.1,81.8,61.6,51.1,68.6,69.9,61.6,86.3,103.6,78.93
2000,November,49.0,40.4,54.2,51.4,48.3,69.8,81.9,62.1,51.1,68.6,65.2,61.2,88.5,103.7,78.93
2000,December,49.1,40.4,54.2,48.8,48.1,68.7,81.9,62.3,51.1,68.6,61.8,61.0,87.0,103.7,78.93
2001,January,49.3,40.4,54.2,42.4,47.8,65.8,81.2,62.0,50.8,68.1,53.3,60.1,82.8,102.1,79.51
2001,February,49.1,40.5,54.2,43.0,47.8,66.1,81.3,61.8,50.9,68.1,54.1,60.1,83.2,102.3,79.51
2001,March,49.1,40.5,54.2,41.6,47.8,64.1,81.7,61.8,50.9,68.1,52.3,60.1,80.6,102.7,79.51
2001,April,49.1,42.1,54.2,40.3,48.3,64.8,82.1,61.2,52.4,67.4,50.2,60.1,80.7,102.2,80.33
2001,May,48.6,42.2,54.2,42.1,48.5,66.6,82.8,60.5,52.6,67.4,52.4,60.4,82.9,103.0,80.33
2001,June,48.4,42.2,54.3,42.2,48.5,67.2,82.9,60.2,52.6,67.6,52.5,60.4,83.6,103.2,80.33
2001,July,48.1,42.2,54.3,40.4,48.4,66.2,82.3,59.7,52.4,67.4,50.1,60.1,82.2,102.2,80.56
2001,August,48.2,42.2,54.3,39.2,48.4,65.6,82.7,59.9,52.4,67.4,48.6,60.1,81.4,102.6,80.56
2001,September,50.6,42.2,54.4,46.6,49.0,65.2,82.9,62.8,52.4,67.5,57.9,60.9,80.9,102.9,80.56
2001,October,51.9,42.2,54.4,38.5,48.4,64.1,82.7,64.5,52.5,67.6,47.9,60.2,79.7,102.8,80.44
2001,November,52.2,42.2,54.4,34.9,48.1,60.9,82.6,64.9,52.5,67.6,43.4,59.8,75.7,102.6,80.44
2001,December,52.3,42.2,54.4,32.8,48.0,59.8,82.8,65.0,52.5,67.6,40.8,59.7,74.4,102.9,80.44
2002,January,52.3,44.1,54.4,34.3,49.0,60.3,82.4,64.4,54.2,67.0,42.3,60.3,74.2,101.5,81.26
2002,February,52.3,44.1,54.4,33.2,49.0,60.4,82.6,64.4,54.2,67.0,40.9,60.3,74.3,101.6,81.26
2002,March,52.4,44.2,54.4,35.2,49.0,61.1,82.9,64.5,54.4,67.0,43.4,60.3,75.2,102.0,81.26
2002,April,52.4,44.3,54.4,36.5,49.3,64.1,83.2,64.1,54.2,66.5,44.7,60.2,78.4,101.7,81.84
2002,May,51.6,44.3,54.5,36.7,49.3,63.8,83.4,63.1,54.2,66.6,44.9,60.2,78.0,102.0,81.84
2002,June,51.4,44.5,54.5,35.7,49.3,63.2,83.4,62.8,54.3,66.6,43.7,60.2,77.2,102.0,81.84
2002,July,51.4,44.5,54.5,35.2,49.3,62.8,83.2,62.6,54.1,66.4,42.9,60.0,76.4,101.3,82.19
2002,August,51.3,44.5,54.5,34.8,49.3,62.9,83.4,62.4,54.1,66.4,42.3,60.0,76.5,101.5,82.19
2002,September,52.2,44.5,54.5,39.3,49.6,63.5,83.7,63.5,54.1,66.4,47.9,60.3,77.3,101.8,82.19
2002,October,53.2,44.5,54.5,39.7,49.7,63.5,83.8,64.3,53.7,65.9,48.0,60.0,76.8,101.2,82.77
2002,November,53.7,44.5,54.5,36.1,49.4,63.4,83.8,64.9,53.7,65.9,43.6,59.7,76.5,101.2,82.77
2002,December,53.6,44.6,54.5,40.0,49.7,63.0,84.1,64.7,53.9,65.9,48.3,60.0,76.1,101.6,82.77
2003,January,53.5,44.6,54.7,41.9,49.8,64.2,83.6,64.3,53.6,65.8,50.4,59.9,77.3,100.5,83.12
2003,February,53.5,44.6,54.7,49.2,50.1,65.1,83.9,64.3,53.6,65.8,59.2,60.2,78.3,100.9,83.12
2003,March,53.6,44.6,54.7,50.7,50.2,67.4,84.2,64.5,53.6,65.8,61.0,60.4,81.0,101.3,83.12
2003,April,53.2,44.7,54.7,37.9,49.7,66.9,84.5,63.3,53.2,65.0,45.1,59.1,79.6,100.5,84.05
2003,May,52.7,45.0,54.8,35.7,49.8,64.4,84.5,62.7,53.5,65.2,42.4,59.3,76.6,100.5,84.05
2003,June,52.6,45.3,54.9,35.0,49.9,63.6,84.3,62.5,53.8,65.4,41.6,59.4,75.7,100.3,84.05
2003,July,52.6,45.4,55.1,36.2,50.1,63.8,84.2,62.3,53.8,65.2,42.9,59.3,75.6,99.8,84.40
2003,August,52.6,45.5,55.3,37.7,50.3,64.5,84.6,62.3,53.9,65.5,44.7,59.6,76.4,100.2,84.40
2003,September,53.3,45.5,55.4,37.2,50.4,65.0,84.9,63.2,53.9,65.7,44.1,59.8,77.0,100.6,84.40
2003,October,54.4,45.6,55.4,40.4,50.7,64.7,85.0,64.3,54.0,65.6,47.8,60.0,76.5,100.6,84.52
2003,November,54.5,45.8,55.6,40.2,50.7,64.8,84.9,64.5,54.2,65.7,47.6,60.0,76.7,100.5,84.52
2003,December,54.5,45.9,55.7,42.1,51.0,64.8,85.2,64.5,54.3,65.9,49.8,60.3,76.7,100.8,84.52
2004,January,54.7,46.2,56.0,41.3,51.2,65.2,84.8,64.5,54.4,65.9,48.7,60.4,76.8,99.9,84.87
2004,February,54.9,46.7,56.3,40.2,51.5,65.3,85.0,64.7,55.0,66.4,47.4,60.7,76.9,100.2,84.87
2004,March,54.8,47.4,57.0,40.7,52.1,65.9,85.1,64.6,55.8,67.1,48.0,61.4,77.7,100.3,84.87
2004,April,54.8,47.8,57.6,44.2,52.8,66.5,85.5,63.6,55.4,66.9,51.3,61.2,77.2,99.2,86.15
2004,May,54.4,47.9,57.9,47.7,53.1,69.7,85.7,63.1,55.6,67.2,55.3,61.7,80.9,99.5,86.15
2004,June,54.3,48.0,58.3,44.9,53.3,69.5,85.7,63.0,55.7,67.6,52.1,61.8,80.6,99.5,86.15
2004,July,54.6,48.2,58.4,45.3,53.4,68.7,85.5,63.3,55.8,67.7,52.5,61.9,79.6,99.1,86.26
2004,August,55.5,48.3,58.5,49.7,53.8,69.2,85.7,64.3,56.0,67.8,57.6,62.4,80.2,99.3,86.26
2004,September,56.9,48.4,58.8,52.2,54.0,69.5,85.8,65.9,56.1,68.1,60.5,62.6,80.5,99.5,86.26
2004,October,59.1,49.1,59.4,59.2,55.1,71.0,86.0,67.4,55.9,67.7,67.4,62.7,80.9,98.0,87.78
2004,November,59.8,50.7,60.4,55.0,56.2,71.9,86.1,68.1,57.7,68.9,62.7,64.1,82.0,98.1,87.78
2004,December,60.4,52.4,61.6,51.0,57.3,70.4,86.6,68.8,59.7,70.2,58.1,65.2,80.2,98.6,87.78
2005,January,60.6,53.3,62.5,51.8,58.3,68.0,86.1,69.0,60.6,71.1,58.9,66.3,77.4,98.0,87.89
2005,February,61.1,53.6,63.0,51.8,58.5,68.9,86.4,69.5,60.9,71.7,59.0,66.6,78.4,98.2,87.89
2005,March,61.2,53.7,63.4,59.2,59.1,70.4,86.7,69.6,61.1,72.1,67.4,67.2,80.1,98.6,87.89
2005,April,61.2,54.0,63.6,61.3,59.4,73.4,87.0,68.8,60.7,71.5,69.0,66.8,82.5,97.8,88.94
2005,May,60.6,54.1,63.8,57.9,59.4,73.0,87.4,68.1,60.8,71.7,65.1,66.8,82.1,98.2,88.94
2005,June,60.4,54.4,63.9,63.7,59.8,73.0,87.4,67.9,61.1,71.8,71.6,67.3,82.1,98.2,88.94
2005,July,60.3,54.4,63.9,68.1,60.1,75.4,87.5,67.6,61.0,71.6,76.4,67.4,84.5,98.1,89.17
2005,August,61.1,54.5,64.0,72.3,60.3,77.9,87.7,68.5,61.1,71.8,81.1,67.7,87.3,98.3,89.17
2005,September,61.7,55.1,64.8,73.8,61.1,81.6,87.9,69.2,61.8,72.7,82.8,68.5,91.5,98.6,89.17
2005,October,64.4,57.3,66.2,76.8,62.9,80.4,88.0,72.0,64.0,74.0,85.9,70.4,90.0,98.5,89.41
2005,November,65.0,59.4,67.6,68.4,64.2,77.7,88.0,72.7,66.4,75.6,76.5,71.8,86.9,98.5,89.41
2005,December,65.2,60.6,68.2,71.0,65.2,75.1,88.3,72.9,67.7,76.3,79.4,72.9,84.0,98.7,89.41
2006,January,65.3,61.1,68.9,72.3,65.9,76.4,87.8,72.4,67.8,76.5,80.2,73.1,84.8,97.5,90.10
2006,February,65.3,61.3,69.7,73.7,66.4,76.9,88.1,72.4,68.1,77.3,81.8,73.7,85.4,97.8,90.10
2006,March,65.4,63.3,71.6,74.5,68.2,76.9,88.3,72.6,70.3,79.4,82.7,75.7,85.4,97.9,90.10
2006,April,65.5,67.3,74.6,76.6,71.5,79.9,88.8,71.7,73.6,81.7,83.8,78.2,87.4,97.2,91.39
2006,May,66.2,71.4,77.7,77.1,75.0,82.5,89.4,72.4,78.1,85.0,84.4,82.0,90.3,97.8,91.39
2006,June,64.9,73.4,79.6,77.0,76.6,81.8,89.6,71.0,80.3,87.1,84.3,83.9,89.5,98.0,91.39
2006,July,64.8,74.1,80.4,79.5,77.5,83.2,89.5,70.1,80.2,87.0,86.0,83.9,90.0,96.8,92.43
2006,August,65.4,74.9,81.0,77.8,78.2,83.7,89.9,70.7,81.1,87.7,84.1,84.6,90.5,97.3,92.43
2006,September,66.2,76.8,82.1,73.7,79.2,78.5,90.0,71.6,83.1,88.8,79.7,85.7,85.0,97.4,92.43
2006,October,69.6,80.5,84.3,67.6,81.6,74.3,90.2,75.5,87.3,91.4,73.3,88.5,80.6,97.8,92.20
2006,November,70.4,83.0,85.9,64.5,83.4,74.0,90.4,76.3,90.0,93.2,70.0,90.5,80.3,98.0,92.20
2006,December,70.4,84.6,86.9,67.6,84.9,75.8,90.9,76.3,91.7,94.3,73.3,92.0,82.2,98.6,92.20
2007,January,70.5,84.8,87.3,62.9,85.0,74.9,90.2,76.3,91.8,94.5,68.0,91.9,81.0,97.5,92.43
2007,February,70.7,85.1,87.6,64.3,85.4,74.3,90.6,76.5,92.1,94.7,69.6,92.4,80.4,98.0,92.43
2007,March,70.7,84.4,87.6,66.6,85.1,76.1,91.1,76.5,91.3,94.7,72.0,92.1,82.4,98.5,92.43
2007,April,70.7,82.1,86.8,69.3,83.7,78.9,91.3,75.2,87.2,92.3,73.7,89.0,83.9,97.0,94.06
2007,May,70.4,79.4,85.8,69.0,82.0,81.5,91.5,74.8,84.4,91.2,73.4,87.2,86.6,97.3,94.06
2007,June,70.0,77.2,84.6,70.7,80.5,82.4,91.7,74.5,82.0,90.0,75.2,85.6,87.6,97.5,94.06
2007,July,69.9,75.5,83.6,72.6,79.2,82.2,91.2,74.2,80.1,88.8,77.1,84.1,87.2,96.8,94.18
2007,August,70.0,74.4,83.1,71.1,78.6,81.7,91.5,74.4,79.0,88.2,75.5,83.4,86.7,97.2,94.18
2007,September,70.8,73.9,83.1,75.5,78.4,81.1,91.6,75.2,78.4,88.2,80.1,83.3,86.1,97.3,94.18
2007,October,72.9,73.6,83.0,78.3,78.4,83.4,92.1,77.5,78.3,88.2,83.2,83.4,88.7,97.9,94.06
2007,November,74.2,73.6,83.0,88.8,78.8,86.6,92.3,78.9,78.3,88.2,94.4,83.8,92.1,98.1,94.06
2007,December,75.7,73.7,83.0,89.3,78.9,88.2,92.8,80.5,78.4,88.2,94.9,83.9,93.7,98.7,94.06
2008,January,76.6,74.1,83.4,92.7,79.5,89.3,92.2,80.8,78.1,87.9,97.7,83.8,94.1,97.1,94.88
2008,February,77.0,83.4,92.2,92.9,87.8,89.5,92.8,81.1,87.9,97.2,97.9,92.5,94.3,97.9,94.88
2008,March,77.3,83.4,92.2,106.1,88.4,91.7,93.3,81.5,87.9,97.2,111.8,93.2,96.6,98.3,94.88
2008,April,77.5,85.1,94.1,117.3,90.6,93.6,94.0,80.6,88.5,97.9,121.9,94.2,97.3,97.7,96.16
2008,May,79.1,85.1,94.1,127.2,91.3,97.4,94.6,82.3,88.5,97.9,132.3,94.9,101.3,98.4,96.16
2008,June,80.7,85.1,94.1,132.9,91.5,102.2,95.3,83.9,88.5,97.9,138.2,95.2,106.3,99.1,96.16
2008,July,81.5,85.2,94.1,139.6,92.0,103.3,95.2,83.4,87.3,96.4,142.9,94.2,105.8,97.5,97.67
2008,August,82.4,95.1,98.1,118.3,97.3,98.6,95.9,84.4,97.4,100.4,121.1,99.6,100.9,98.1,97.67
2008,September,89.8,110.8,108.2,115.3,109.4,97.0,96.3,91.9,113.5,110.8,118.0,112.0,99.4,98.6,97.67
2008,October,98.2,111.1,109.0,98.5,109.2,91.0,96.1,99.6,112.7,110.5,99.9,110.8,92.3,97.4,98.60
2008,November,99.0,110.9,109.0,90.5,108.9,83.5,96.0,100.4,112.5,110.5,91.8,110.4,84.7,97.3,98.60
2008,December,99.9,110.9,109.0,80.5,108.3,78.3,95.6,101.3,112.5,110.5,81.7,109.9,79.4,97.0,98.60
2009,January,101.0,110.9,108.7,79.3,108.2,75.8,95.0,102.7,112.8,110.5,80.6,110.0,77.0,96.5,98.37
2009,February,101.1,110.9,108.7,74.9,108.0,78.2,95.7,102.8,112.8,110.5,76.1,109.7,79.5,97.3,98.37
2009,March,101.0,106.2,108.2,67.5,104.9,78.8,96.0,102.7,108.0,110.0,68.7,106.6,80.1,97.6,98.37
2009,April,101.0,105.1,102.7,71.5,102.3,82.0,96.2,102.5,106.6,104.1,72.6,103.8,83.1,97.6,98.60
2009,May,99.3,105.1,100.5,71.6,101.3,83.9,96.6,100.7,106.6,101.9,72.6,102.7,85.1,98.0,98.60
2009,June,98.5,105.1,100.5,79.2,101.7,87.1,97.0,99.9,106.6,101.9,80.4,103.1,88.4,98.4,98.60
2009,July,97.7,104.6,100.5,70.9,100.9,87.7,97.0,98.5,105.5,101.3,71.5,101.7,88.4,97.8,99.19
2009,August,98.3,104.6,100.5,79.0,101.4,88.6,97.3,99.1,105.5,101.3,79.6,102.2,89.4,98.1,99.19
2009,September,98.5,104.6,100.5,77.1,101.3,90.6,97.4,99.3,105.5,101.3,77.7,102.1,91.4,98.2,99.19
2009,October,100.6,104.5,100.1,82.0,101.4,90.1,97.5,102.2,106.2,101.8,83.4,103.1,91.6,99.2,98.37
2009,November,101.4,104.5,100.1,84.3,101.5,92.6,97.9,103.0,106.2,101.8,85.7,103.2,94.1,99.5,98.37
2009,December,101.5,104.5,100.1,86.2,101.7,92.7,98.4,103.2,106.2,101.8,87.6,103.4,94.3,100.1,98.37
2010,January,101.4,104.6,100.1,103.6,102.6,94.8,98.2,101.6,104.9,100.4,103.8,102.8,95.1,98.4,99.77
2010,February,101.5,101.6,100.1,90.6,100.5,95.6,98.7,101.7,101.8,100.4,90.8,100.7,95.8,98.9,99.77
2010,March,101.5,101.6,100.1,97.0,100.8,98.2,99.2,101.7,101.8,100.4,97.2,101.0,98.4,99.4,99.77
2010,April,101.5,98.7,99.9,100.1,99.4,102.6,99.8,101.5,98.7,99.9,100.1,99.4,102.6,99.8,100.00
2010,May,99.1,98.7,99.9,100.1,99.2,103.0,100.0,99.1,98.7,99.9,100.1,99.2,103.0,100.0,100.00
2010,June,97.8,98.7,99.9,96.8,99.1,101.0,100.1,97.8,98.7,99.9,96.8,99.1,101.0,100.1,100.00
2010,July,96.9,98.7,99.9,95.0,99.0,100.3,99.9,96.9,98.7,99.9,95.0,99.0,100.3,99.9,100.00
2010,August,97.6,98.7,99.9,94.8,99.0,99.3,100.4,97.6,98.7,99.9,94.8,99.0,99.3,100.4,100.00
2010,September,98.1,98.7,99.9,94.5,99.0,98.5,100.4,98.1,98.7,99.9,94.5,99.0,98.5,100.4,100.00
2010,October,101.0,98.7,99.6,98.2,99.1,100.3,100.7,100.6,98.2,99.2,97.7,98.6,99.8,100.2,100.47
2010,November,101.6,98.7,99.6,101.6,99.2,101.9,101.0,101.1,98.2,99.2,101.1,98.8,101.4,100.5,100.47
2010,December,102.2,103.2,100.9,128.1,103.3,104.8,102.0,101.7,102.7,100.4,127.5,102.9,104.3,101.5,100.47
2011,January,103.1,104.1,101.7,125.5,104.1,109.4,102.1,100.9,102.0,99.6,122.9,102.0,107.1,100.0,102.10
2011,February,104.0,104.5,103.2,119.8,104.7,110.9,102.9,101.8,102.3,101.1,117.3,102.6,108.6,100.8,102.10
2011,March,103.7,105.0,104.0,130.4,105.6,113.8,103.1,101.6,102.9,101.8,127.7,103.5,111.5,101.0,102.10
2011,April,104.1,105.0,104.0,135.7,105.9,115.6,104.3,102.5,103.4,102.4,133.6,104.3,113.8,102.7,101.51
2011,May,102.7,105.0,104.0,125.4,105.5,117.1,104.5,101.2,103.4,102.4,123.6,103.9,115.3,102.9,101.51
2011,June,102.5,105.0,104.0,128.7,105.5,116.2,104.4,101.0,103.4,102.4,126.8,103.9,114.5,102.8,101.51
2011,July,102.7,105.0,104.0,124.8,105.4,115.5,104.4,100.4,102.6,101.6,121.9,103.0,112.8,102.0,102.33
2011,August,102.8,106.9,105.0,120.1,106.7,116.2,104.9,100.5,104.4,102.6,117.4,104.2,113.6,102.5,102.33
2011,September,103.4,120.7,112.8,123.8,117.2,116.0,105.6,101.1,118.0,110.2,121.0,114.5,113.4,103.2,102.33
2011,October,109.1,122.4,114.5,123.2,118.9,115.7,105.7,106.1,119.1,111.4,119.9,115.6,112.6,102.8,102.79
2011,November,109.9,123.6,115.1,130.9,120.0,115.3,105.8,106.9,120.3,112.0,127.3,116.8,112.1,102.9,102.79
2011,December,110.1,123.6,115.1,131.4,120.0,114.6,106.4,107.1,120.3,112.0,127.8,116.8,111.5,103.5,102.79
2012,January,110.2,123.6,115.1,131.6,120.2,115.2,105.8,106.9,119.8,111.6,127.6,116.5,111.7,102.6,103.14
2012,February,109.5,122.4,113.7,134.1,119.0,116.7,106.4,106.2,118.7,110.2,130.0,115.4,113.1,103.1,103.14
2012,March,110.0,121.9,112.4,136.4,118.4,119.3,106.7,106.6,118.2,109.0,132.2,114.8,115.6,103.5,103.14
2012,April,110.0,121.2,112.4,134.8,117.8,121.8,107.4,106.3,117.1,108.6,130.3,113.9,117.6,103.8,103.49
2012,May,107.7,121.2,112.3,127.3,117.5,118.0,107.3,104.1,117.1,108.5,123.0,113.5,114.1,103.7,103.49
2012,June,106.8,121.2,112.3,117.4,116.9,114.3,106.8,103.2,117.1,108.5,113.5,113.0,110.5,103.2,103.49
2012,July,107.2,121.2,112.3,120.4,117.1,113.2,106.9,103.2,116.8,108.1,115.9,112.7,109.0,103.0,103.84
2012,August,107.0,121.2,112.3,128.9,117.5,116.1,107.5,103.1,116.8,108.1,124.1,113.1,111.8,103.5,103.84
2012,September,107.5,121.2,112.3,132.4,117.7,119.3,107.9,103.5,116.8,108.1,127.5,113.4,114.9,103.9,103.84
2012,October,108.4,121.2,111.8,133.9,117.6,118.5,108.5,104.0,116.4,107.3,128.5,112.9,113.7,104.1,104.19
2012,November,108.9,123.5,113.8,130.7,119.5,116.4,108.7,104.5,118.5,109.2,125.5,114.7,111.7,104.4,104.19
2012,December,109.4,130.1,119.6,137.5,125.5,114.3,109.2,105.0,124.8,114.8,132.0,120.5,109.7,104.8,104.19
2013,January,109.5,129.9,119.6,134.7,125.4,114.3,108.6,104.1,123.5,113.6,128.0,119.2,108.6,103.2,105.24
2013,February,109.8,131.3,121.0,143.2,127.1,117.6,109.4,104.3,124.7,115.0,136.0,120.8,111.7,104.0,105.24
2013,March,109.2,131.3,121.0,141.5,127.0,119.4,109.7,103.8,124.7,115.0,134.4,120.6,113.4,104.3,105.24
2013,April,109.2,131.3,121.0,133.9,126.7,117.2,110.0,103.4,124.3,114.6,126.8,120.0,111.0,104.1,105.59
2013,May,109.4,131.3,121.0,125.0,126.3,114.6,110.2,103.6,124.3,114.6,118.4,119.6,108.5,104.3,105.59
2013,June,109.3,131.3,121.0,124.7,126.3,115.4,110.0,103.5,124.3,114.6,118.1,119.6,109.3,104.1,105.59
2013,July,109.6,131.3,121.4,128.0,126.7,115.9,110.0,102.9,123.2,114.0,120.1,118.9,108.8,103.2,106.52
2013,August,109.5,131.3,121.4,128.0,126.7,117.6,110.4,102.8,123.2,114.0,120.2,118.9,110.4,103.6,106.52
2013,September,110.1,131.3,121.4,131.1,126.8,117.3,110.9,103.4,123.2,114.0,123.0,119.1,110.1,104.1,106.52
2013,October,111.4,131.3,121.4,127.1,126.7,113.6,110.9,104.7,123.4,114.1,119.5,119.1,106.8,104.2,106.40
2013,November,112.4,131.3,121.4,124.7,126.6,112.2,111.0,105.6,123.4,114.1,117.2,119.0,105.5,104.3,106.40
2013,December,112.6,140.1,129.3,128.4,134.7,112.8,111.4,105.8,131.7,121.5,120.6,126.6,106.0,104.7,106.40
2014,January,113.3,138.8,129.1,125.1,133.8,112.2,110.7,105.9,129.7,120.6,116.9,125.0,104.9,103.5,106.98
2014,February,113.3,139.1,129.3,125.3,134.0,111.5,111.3,105.9,130.0,120.9,117.1,125.3,104.3,104.0,106.98
2014,March,113.2,138.7,129.1,121.7,133.5,111.5,111.5,105.8,129.6,120.6,113.7,124.8,104.2,104.2,106.98
2014,April,113.4,138.0,128.3,119.6,132.7,111.4,112.0,106.3,129.4,120.3,112.2,124.5,104.4,105.0,106.64
2014,May,112.5,138.0,128.3,118.3,132.7,111.6,111.9,105.5,129.4,120.3,111.0,124.5,104.7,104.9,106.64
2014,June,112.3,138.0,128.3,117.5,132.6,111.9,112.1,105.3,129.4,120.3,110.2,124.4,105.0,105.1,106.64
2014,July,112.1,138.0,128.3,116.4,132.6,112.5,111.7,104.0,128.0,119.0,108.0,123.0,104.4,103.7,107.80
2014,August,111.9,138.0,128.3,116.7,132.6,110.9,112.1,103.8,128.0,119.0,108.2,123.0,102.9,104.0,107.80
2014,September,112.5,138.0,128.3,115.0,132.5,110.2,112.2,104.3,128.0,119.0,106.6,122.9,102.2,104.1,107.80
2014,October,114.6,138.0,128.3,109.5,132.3,108.2,112.3,106.3,128.0,119.0,101.6,122.8,100.4,104.2,107.80
2014,November,114.8,138.0,128.3,108.1,132.2,105.6,112.0,106.5,128.0,119.0,100.3,122.7,98.0,103.9,107.80
2014,December,114.8,138.0,128.3,99.3,131.8,100.9,112.0,106.5,128.0,119.0,92.2,122.3,93.6,103.9,107.80
2015,January,114.6,137.3,128.3,86.7,131.1,94.0,111.1,106.1,127.1,118.8,80.2,121.3,87.0,102.8,108.03
2015,February,114.6,136.4,128.3,91.0,130.8,93.0,111.3,106.1,126.3,118.8,84.2,121.1,86.1,103.0,108.03
2015,March,114.8,132.8,128.3,88.3,129.1,96.2,111.5,106.2,123.0,118.8,81.7,119.5,89.0,103.2,108.03
2015,April,114.9,132.7,128.0,88.5,129.0,97.6,111.7,106.8,123.4,119.0,82.2,119.9,90.7,103.9,107.57
2015,May,112.5,131.9,128.0,89.8,128.6,99.4,112.0,104.6,122.6,119.0,83.5,119.6,92.4,104.1,107.57
2015,June,112.1,131.9,127.9,87.4,128.5,100.2,112.1,104.3,122.6,118.9,81.3,119.5,93.1,104.2,107.57
2015,July,112.0,131.9,127.9,83.7,128.4,99.6,111.9,103.7,122.1,118.4,77.5,118.8,92.2,103.5,108.03
2015,August,112.0,131.9,127.9,74.4,128.0,96.7,112.2,103.7,122.1,118.4,68.9,118.5,89.5,103.9,108.03
2015,September,112.4,129.0,127.9,75.6,126.8,93.9,112.1,104.0,119.4,118.4,69.9,117.4,86.9,103.7,108.03
2015,October,113.8,129.0,127.9,75.6,126.8,93.0,112.2,104.8,118.8,117.8,69.6,116.8,85.7,103.3,108.61
2015,November,114.1,129.0,127.9,73.0,126.7,92.0,112.2,105.0,118.8,117.8,67.2,116.7,84.7,103.3,108.61
2015,December,114.1,129.0,127.9,67.3,126.6,89.4,112.2,105.0,118.8,117.8,62.0,116.5,82.3,103.3,108.61
2016,January,114.1,129.0,127.9,61.2,126.2,87.1,111.3,104.4,118.0,117.0,56.0,115.4,79.7,101.8,109.31
2016,February,114.2,128.1,127.9,58.6,125.7,86.3,111.6,104.5,117.2,117.0,53.6,115.0,78.9,102.1,109.31
2016,March,114.0,124.8,127.9,63.2,124.4,87.3,112.1,104.3,114.2,117.0,57.8,113.8,79.9,102.5,109.31
2016,April,114.2,123.1,127.7,64.7,123.6,90.3,112.1,104.3,112.5,116.7,59.1,113.0,82.5,102.4,109.43
2016,May,112.8,123.1,127.7,68.7,123.7,92.7,112.3,103.1,112.5,116.7,62.8,113.1,84.7,102.6,109.43
2016,June,111.9,123.1,127.7,74.2,124.1,94.8,112.5,102.3,112.5,116.7,67.8,113.4,86.6,102.8,109.43
2016,July,111.0,123.1,127.7,74.4,124.1,95.4,112.5,100.6,111.5,115.7,67.4,112.5,86.5,102.0,110.36
2016,August,111.1,123.1,127.7,72.9,124.0,94.1,112.9,100.7,111.5,115.7,66.1,112.4,85.3,102.3,110.36
2016,September,112.0,123.1,127.7,76.2,124.3,95.2,113.1,101.5,111.5,115.7,69.1,112.6,86.3,102.5,110.36
2016,October,114.0,123.1,127.7,86.9,124.9,97.4,113.2,102.6,110.8,114.9,78.3,112.5,87.7,101.9,111.06
2016,November,114.8,123.1,127.7,83.4,124.8,98.9,113.4,103.3,110.8,114.9,75.1,112.4,89.0,102.1,111.06
2016,December,115.4,123.1,127.7,90.6,125.2,98.4,114.0,103.9,110.8,114.9,81.6,112.7,88.6,102.6,111.06
2017,January,115.7,122.6,127.7,96.0,125.2,101.8,113.4,103.7,109.9,114.5,86.1,112.2,91.3,101.7,111.53
2017,February,116.2,122.6,127.7,94.5,125.2,103.0,114.2,104.2,109.9,114.5,84.8,112.2,92.3,102.4,111.53
2017,March,116.2,122.6,128.9,89.8,125.5,102.2,114.7,104.2,109.9,115.6,80.5,112.6,91.6,102.8,111.53
2017,April,116.3,121.9,132.1,89.9,126.8,100.7,115.1,104.1,109.1,118.2,80.5,113.5,90.1,103.0,111.76
2017,May,114.8,122.4,137.5,83.7,129.4,99.6,115.5,102.7,109.5,123.0,74.9,115.8,89.1,103.4,111.76
2017,June,114.5,122.4,137.5,82.2,129.4,98.6,115.5,102.5,109.5,123.0,73.5,115.8,88.2,103.4,111.76
2017,July,114.4,123.1,139.2,81.5,130.4,97.3,115.4,102.2,109.9,124.3,72.8,116.5,86.9,103.1,111.99
2017,August,114.4,123.1,139.2,85.3,130.6,99.0,116.1,102.2,109.9,124.3,76.2,116.6,88.4,103.7,111.99
2017,September,114.4,123.1,139.2,88.8,130.7,101.0,116.4,102.2,109.9,124.3,79.3,116.7,90.2,104.0,111.99
2017,October,116.8,123.1,142.3,89.7,132.3,100.7,116.6,103.4,109.0,126.0,79.4,117.2,89.1,103.2,112.92
2017,November,118.0,123.2,142.3,98.0,132.7,102.3,117.0,104.5,109.1,126.0,86.7,117.5,90.6,103.6,112.92
2017,December,118.4,123.2,142.3,105.6,133.0,103.1,117.3,104.8,109.1,126.0,93.5,117.8,91.3,103.9,112.92
2018,January,118.6,123.4,142.3,106.9,133.1,103.9,116.8,104.8,109.0,125.7,94.4,117.6,91.8,103.2,113.15
2018,February,118.6,123.4,142.3,105.1,133.1,103.8,117.3,104.8,109.0,125.7,92.9,117.6,91.7,103.7,113.15
2018,March,119.0,123.4,142.3,110.5,133.2,102.5,117.4,105.1,109.0,125.7,97.6,117.8,90.6,103.8,113.15
2018,April,118.8,123.7,143.5,110.9,134.1,103.7,117.9,104.5,108.8,126.2,97.5,117.9,91.2,103.7,113.74
2018,May,115.6,123.9,143.7,114.8,134.3,107.6,118.3,101.6,108.9,126.3,100.9,118.1,94.6,104.1,113.74
2018,June,115.3,126.9,146.9,113.7,137.2,110.0,118.3,101.4,111.6,129.1,100.0,120.7,96.7,104.1,113.74
2018,July,116.0,128.4,149.4,110.8,139.0,109.4,118.3,101.7,112.5,131.0,97.1,121.9,95.9,103.7,114.09
2018,August,116.2,128.4,149.4,112.2,139.0,110.5,119.1,101.9,112.5,131.0,98.3,121.9,96.9,104.4,114.09
2018,September,115.8,129.8,152.1,117.7,141.2,111.9,119.2,101.5,113.8,133.3,103.1,123.8,98.1,104.5,114.09
2018,October,120.0,132.5,155.2,126.2,144.3,112.7,119.4,104.3,115.2,134.9,109.7,125.4,98.0,103.8,115.02
2018,November,119.1,132.5,155.2,119.1,144.0,111.4,119.7,103.5,115.2,134.9,103.6,125.2,96.8,104.1,115.02
2018,December,121.5,132.5,155.2,111.6,143.8,106.5,119.8,105.6,115.2,134.9,97.0,125.0,92.6,104.2,115.02
2019,January,121.5,121.2,147.6,107.7,135.0,104.7,118.9,105.5,105.3,128.2,93.5,117.3,90.9,103.3,115.13
2019,February,121.6,121.4,147.8,110.1,135.3,104.4,119.5,105.6,105.4,128.3,95.7,117.5,90.7,103.8,115.13
2019,March,121.9,121.4,147.8,110.9,135.3,105.4,119.7,105.9,105.4,128.3,96.3,117.5,91.6,104.0,115.13
2019,April,119.9,132.6,163.8,111.4,148.1,108.2,120.4,103.3,114.2,141.1,96.0,127.6,93.2,103.7,116.07
2019,May,120.9,132.6,163.8,113.2,148.3,111.3,120.7,104.2,114.2,141.1,97.5,127.7,95.9,104.0,116.07
2019,June,121.6,132.6,163.8,108.7,148.1,110.8,120.7,104.7,114.2,141.1,93.6,127.6,95.4,104.0,116.07
2019,July,121.3,132.6,163.8,108.0,148.0,109.6,120.7,103.9,113.6,140.3,92.5,126.8,93.9,103.4,116.76
2019,August,120.5,132.6,163.8,109.7,148.1,110.3,121.3,103.2,113.6,140.3,94.0,126.9,94.5,103.8,116.76
2019,September,121.0,132.6,163.8,109.8,148.1,109.5,121.4,103.6,113.6,140.3,94.0,126.9,93.8,103.9,116.76
2019,October,122.8,121.0,160.3,113.8,141.6,109.0,121.1,104.4,102.8,136.2,96.7,120.3,92.6,102.9,117.69
2019,November,125.8,121.0,160.3,110.3,141.6,108.1,121.4,106.9,102.8,136.2,93.7,120.3,91.9,103.1,117.69
2019,December,126.4,121.0,160.3,110.4,141.6,107.5,121.4,107.4,102.8,136.2,93.8,120.3,91.4,103.1,117.69
2020,January,125.3,121.0,160.3,114.1,141.7,109.6,121.0,105.0,101.4,134.3,95.7,118.8,91.9,101.4,119.32
2020,February,126.7,121.0,160.3,101.5,141.2,107.3,121.5,106.2,101.4,134.3,85.0,118.3,89.9,101.8,119.32
2020,March,126.7,121.0,160.3,83.4,140.6,103.0,121.5,106.2,101.4,134.3,69.9,117.8,86.3,101.8,119.32
2020,April,126.6,116.6,160.6,64.8,138.0,94.9,121.4,98.7,90.9,125.2,50.5,107.6,74.0,94.6,128.29
2020,May,126.6,116.8,160.6,60.7,137.9,92.7,121.4,98.7,91.0,125.2,47.3,107.5,72.2,94.6,128.29
2020,June,126.4,116.8,160.6,70.9,138.3,92.7,121.5,98.6,91.0,125.2,55.3,107.8,72.2,94.7,128.29
2020,July,126.9,116.6,160.4,71.5,138.3,96.5,122.0,102.7,94.4,129.9,57.9,111.9,78.1,98.8,123.52
2020,August,125.9,116.6,160.4,71.3,138.1,97.8,121.5,101.9,94.4,129.9,57.7,111.8,79.2,98.3,123.52
2020,September,127.0,116.6,160.4,68.3,138.1,97.9,122.0,102.8,94.4,129.9,55.3,111.8,79.3,98.8,123.52
2020,October,128.8,102.4,155.2,71.3,129.1,97.8,122.0,104.5,83.0,125.9,57.8,104.8,79.3,99.0,123.28
2020,November,130.6,102.4,155.2,67.5,129.0,97.3,121.8,106.0,83.0,125.9,54.7,104.6,78.9,98.8,123.28
2020,December,130.2,102.4,155.2,79.6,129.5,98.6,122.1,105.6,83.0,125.9,64.6,105.1,80.0,99.1,123.28
2021,January,130.3,102.4,155.2,85.7,129.8,100.7,121.9,104.9,82.4,124.9,69.0,104.5,81.0,98.2,124.21
2021,February,130.1,102.4,155.2,92.2,130.2,103.5,122.0,104.7,82.4,124.9,74.2,104.8,83.3,98.2,124.21
2021,March,130.3,102.4,155.2,94.8,130.3,106.5,122.4,104.9,82.4,124.9,76.3,104.9,85.7,98.5,124.21
2021,April,130.4,112.0,169.4,90.6,141.3,107.8,123.2,107.0,91.9,139.0,74.3,116.0,88.5,101.0,121.89
2021,May,130.3,112.0,169.4,94.8,141.5,109.3,123.9,106.9,91.9,139.0,77.8,116.1,89.6,101.7,121.89
2021,June,130.6,112.0,169.4,97.8,141.6,111.5,124.5,107.2,91.9,139.0,80.2,116.2,91.4,102.1,121.89
2021,July,130.6,112.0,169.7,98.3,141.8,113.6,124.5,106.3,91.1,138.0,79.9,115.4,92.4,101.3,122.93
2021,August,130.5,112.0,169.7,97.1,141.7,115.2,125.4,106.2,91.1,138.0,79.0,115.3,93.7,102.0,122.93
2021,September,131.2,112.0,169.7,101.5,142.0,115.4,125.7,106.7,91.1,138.0,82.5,115.5,93.8,102.3,122.93
2021,October,132.6,131.1,184.4,120.5,158.8,118.9,127.1,106.6,105.5,148.3,96.9,127.7,95.6,102.2,124.33
2021,November,133.1,131.1,184.4,125.0,159.1,125.0,128.1,107.1,105.5,148.3,100.6,127.9,100.5,103.0,124.33
2021,December,136.8,131.1,184.4,121.2,158.9,125.0,128.7,110.0,105.5,148.3,97.5,127.8,100.5,103.6,124.33
2022,January,137.5,131.3,185.0,125.9,159.6,124.4,128.5,108.6,103.7,146.2,99.5,126.1,98.3,101.6,126.54
2022,February,140.0,131.3,185.0,140.8,160.2,126.6,129.5,110.6,103.7,146.2,111.3,126.6,100.1,102.4,126.54
2022,March,144.9,131.3,185.0,202.8,162.5,139.2,131.0,114.5,103.7,146.2,160.2,128.4,110.0,103.5,126.54
2022,April,147.8,218.9,260.2,193.8,239.7,141.8,134.2,114.6,169.7,201.7,150.2,185.8,109.9,104.1,128.99
2022,May,152.0,218.9,260.2,211.1,240.4,145.0,135.1,117.8,169.7,201.7,163.7,186.4,112.4,104.8,128.99
2022,June,159.8,218.9,260.2,223.8,241.1,158.6,136.2,123.9,169.7,201.7,173.5,186.9,122.9,105.6,128.99
2022,July,165.8,219.1,261.3,210.4,241.5,163.3,137.0,126.6,167.3,199.5,160.6,184.4,124.7,104.6,130.97
2022,August,169.5,219.1,261.3,180.8,240.6,152.1,137.7,129.4,167.3,199.5,138.0,183.7,116.1,105.1,130.97
2022,September,172.8,219.1,261.3,205.3,241.6,146.0,138.5,131.9,167.3,199.5,156.8,184.5,111.5,105.7,130.97
2022,October,180.8,300.0,305.5,205.0,301.2,145.2,141.2,135.5,224.9,229.0,153.7,225.7,108.9,105.8,133.41
2022,November,180.7,300.0,304.9,195.8,300.6,146.5,141.7,135.4,224.9,228.5,146.8,225.4,109.8,106.2,133.41
2022,December,180.2,300.0,304.9,178.3,300.0,139.3,142.3,135.1,224.9,228.5,133.6,224.9,104.4,106.6,133.41
2023,January,182.6,301.1,308.5,176.5,302.3,134.1,141.4,135.5,223.3,228.8,131.0,224.3,99.4,104.9,134.81
2023,February,184.2,301.1,308.5,168.3,302.1,132.4,143.1,136.7,223.3,228.8,124.8,224.1,98.2,106.1,134.81
2023,March,181.3,301.1,308.5,157.1,301.5,130.9,144.2,134.5,223.3,228.8,116.5,223.7,97.1,107.0,134.81
2023,April,181.2,298.0,305.1,141.2,297.9,129.2,145.9,131.7,216.6,221.7,102.6,216.5,93.9,106.0,137.60
2023,May,180.6,298.0,305.1,128.2,297.4,126.0,146.9,131.2,216.6,221.7,93.2,216.2,91.6,106.7,137.60
2023,June,180.0,298.0,305.1,121.8,297.3,122.6,147.1,130.8,216.6,221.7,88.5,216.1,89.1,106.9,137.60
2023,July,179.2,222.8,278.7,129.8,252.5,122.6,146.4,,,,,,,,
2023,August,180.0,222.8,278.7,152.7,253.3,127.2,146.9,,,,,,,,
2023,September,179.9,222.8,278.7,164.7,253.7,131.9,147.7,,,,,,,,
